{
    "Custom": {
        "BonusDescriptions": {
            "Bonuses": [
                "LoanShark"
			]
        }
    },
    "StatName": null,
    "RelativeModifier": 0,
    "AbsoluteModifier": 0,
    "Description": {
        "Cost": -1000000,
        "Rarity": 4,
        "Purchasable": true,
        "Manufacturer": "Bank",
        "Model": "Loanshark Special",
        "UIName": "Million C-Bill Loan",
        "Id": "Gear_Loan_Million",
        "Name": "Million C-Bill Loan",
        "Details": "This note certifies the temporary transfer to the bearer of 1,000,000 c-bills from Discount Dan's Savings and Loan LLC. Bearer is responsible for repayment of the full amount plus applicable fees and interest within 60 days. Interest on this loan is 10% of the loan value, deducted from the bearer's account monthly. A further 10% fee is deducted upon repayment.",
        "Icon": "uixSvgIcon_equipment_Comms"
    },
    "BonusValueA": "",
    "BonusValueB": "",
    "ComponentType": "Upgrade",
    "ComponentSubType": "NotSet",
    "PrefabIdentifier": "",
    "BattleValue": 0,
    "InventorySize": 1,
    "Tonnage": 0,
    "AllowedLocations": "None",
    "DisallowedLocations": "All",
    "CriticalComponent": false,
    "statusEffects": null,
    "ComponentTags": {
        "items": [],
        "tagSetSourceFile": ""
    }
}