{
    "Name": "Loan Sharks",
    "DLL": "LoanSharks.dll",

    "Version": "1.0.0.1",
    "Description": "",
    "Author": "T-Bone",
    "Website": "https://github.com/ajkroeg/LoanSharks",
    "ConflictsWith": [],
    "CustomResourceTypes": [],

	"Settings": {
		"LoanInterestMultiplier": 100000,
		"LoanPaybackFee": 100000,
		"LoanItemDefTypeAndID": "Item.UpgradeDef.Gear_Loan_Million",
		"FreeMoneyItemDefTypeAndID": "Item.UpgradeDef.Gear_Pirate_Tribute",
		"StoreBeforeRemove" : true,
		"NoNegativeStats": false
		},
    "Manifest": []
}